xai_implementado,n,acuracia_media,acuracia_sd,tempo_medio,tempo_sd,confianca_media,confianca_sd
Não,128,90.51127443124977,4.695888529204726,9.663658020529072,5.228506978763069,2.890625,0.7013415154258605
Sim,20,88.978938340887,5.091681125182627,16.21393488743121,6.8707097153780845,4.75,0.4442616583193193
