continente,2010-2015,2016-2020,2021-2025,crescimento_abs,crescimento_pct
Africa,4,3,5,1,25
Americas,6,3,20,14,233.33333333333334
Asia,4,16,20,16,400
Europe,9,26,32,23,255.55555555555554
