continente,n_estudos,pct_estudos,n_paises,n_igs_total,taxa_pesquisa_media
Europe,67,45.27027027027027,8,344.76119402985074,7.31227042054444
Asia,40,27.027027027027028,6,1053.025,5.543532818532818
Americas,29,19.594594594594593,7,83.17241379310344,15.784658691062631
Africa,12,8.108108108108109,4,3.8333333333333335,91.66666666666667
