validacao_espacial,n,acuracia_interna_media,acuracia_interna_sd,acuracia_externa_media,acuracia_externa_sd,queda_media,queda_sd,queda_percentual_media,queda_percentual_sd
Não,114,93.78164400807411,2.783742811300333,83.51645565863497,4.175963685293041,11.82397958810383,6.475389200224417,12.536893198804664,6.799307031043859
Sim,34,92.39282359350933,4.739756487768525,86.88954020637141,4.29648362709284,5.6194103134741,6.7834543835716925,5.8051760400696235,7.31053817923765
